<custom__type__definition>
  <version>5.2.0.0</version>
  <typeName class="org.mule.common.metadata.DefaultMetaDataKey">
    <id>listInventoryXML</id>
    <displayName>listInventoryXML</displayName>
    <category>DEFAULT</category>
    <metaDataKeyPropertiesManager>
      <properties>
        <org.mule.common.metadata.key.property.dsql.DsqlFromMetaDataKeyProperty/>
      </properties>
    </metaDataKeyPropertiesManager>
  </typeName>
  <metadataModel class="org.mule.common.metadata.DefaultXmlMetaDataModel">
    <dataType>XML</dataType>
    <metaDataModelPropertiesManager>
      <properties>
        <org.mule.common.metadata.property.TextBasedExampleMetaDataModelProperty/>
        <org.mule.common.metadata.property.xml.SchemaTypeMetaDataProperty>
          <typeQName>
            <namespaceURI>http://mulesoft.org/tshirt-service</namespaceURI>
            <localPart>ListInventoryResponseType</localPart>
            <prefix></prefix>
          </typeQName>
        </org.mule.common.metadata.property.xml.SchemaTypeMetaDataProperty>
      </properties>
    </metaDataModelPropertiesManager>
    <fields>
      <org.mule.common.metadata.DefaultMetaDataField>
        <name>inventory</name>
        <model class="org.mule.common.metadata.DefaultListMetaDataModel">
          <dataType>LIST</dataType>
          <metaDataModelPropertiesManager>
            <properties>
              <org.mule.common.metadata.property.xml.SchemaTypeMetaDataProperty>
                <typeQName>
                  <namespaceURI></namespaceURI>
                  <localPart>inventoryType</localPart>
                  <prefix></prefix>
                </typeQName>
              </org.mule.common.metadata.property.xml.SchemaTypeMetaDataProperty>
              <org.mule.common.metadata.property.xml.UnboundMetaDataProperty>
                <maxOccurs>2147483647</maxOccurs>
                <minOccurs>0</minOccurs>
              </org.mule.common.metadata.property.xml.UnboundMetaDataProperty>
            </properties>
          </metaDataModelPropertiesManager>
          <model class="org.mule.common.metadata.DefaultXmlMetaDataModel">
            <dataType>XML</dataType>
            <metaDataModelPropertiesManager>
              <properties/>
            </metaDataModelPropertiesManager>
            <fields>
              <org.mule.common.metadata.DefaultMetaDataField>
                <name>productCode</name>
                <model class="org.mule.common.metadata.DefaultSimpleMetaDataModel">
                  <dataType>INTEGER</dataType>
                  <metaDataModelPropertiesManager>
                    <properties/>
                  </metaDataModelPropertiesManager>
                </model>
                <accessType>READ_WRITE</accessType>
                <metaDataFieldPropertyManager>
                  <properties>
                    <org.mule.common.metadata.property.QNameMetaDataProperty>
                      <name>
                        <namespaceURI></namespaceURI>
                        <localPart>productCode</localPart>
                        <prefix></prefix>
                      </name>
                    </org.mule.common.metadata.property.QNameMetaDataProperty>
                  </properties>
                </metaDataFieldPropertyManager>
              </org.mule.common.metadata.DefaultMetaDataField>
              <org.mule.common.metadata.DefaultMetaDataField>
                <name>size</name>
                <model class="org.mule.common.metadata.DefaultSimpleMetaDataModel">
                  <dataType>STRING</dataType>
                  <metaDataModelPropertiesManager>
                    <properties/>
                  </metaDataModelPropertiesManager>
                </model>
                <accessType>READ_WRITE</accessType>
                <metaDataFieldPropertyManager>
                  <properties>
                    <org.mule.common.metadata.property.QNameMetaDataProperty>
                      <name>
                        <namespaceURI></namespaceURI>
                        <localPart>size</localPart>
                        <prefix></prefix>
                      </name>
                    </org.mule.common.metadata.property.QNameMetaDataProperty>
                  </properties>
                </metaDataFieldPropertyManager>
              </org.mule.common.metadata.DefaultMetaDataField>
              <org.mule.common.metadata.DefaultMetaDataField>
                <name>description</name>
                <model class="org.mule.common.metadata.DefaultSimpleMetaDataModel">
                  <dataType>STRING</dataType>
                  <metaDataModelPropertiesManager>
                    <properties/>
                  </metaDataModelPropertiesManager>
                </model>
                <accessType>READ_WRITE</accessType>
                <metaDataFieldPropertyManager>
                  <properties>
                    <org.mule.common.metadata.property.QNameMetaDataProperty>
                      <name>
                        <namespaceURI></namespaceURI>
                        <localPart>description</localPart>
                        <prefix></prefix>
                      </name>
                    </org.mule.common.metadata.property.QNameMetaDataProperty>
                  </properties>
                </metaDataFieldPropertyManager>
              </org.mule.common.metadata.DefaultMetaDataField>
              <org.mule.common.metadata.DefaultMetaDataField>
                <name>count</name>
                <model class="org.mule.common.metadata.DefaultSimpleMetaDataModel">
                  <dataType>INTEGER</dataType>
                  <metaDataModelPropertiesManager>
                    <properties/>
                  </metaDataModelPropertiesManager>
                </model>
                <accessType>READ_WRITE</accessType>
                <metaDataFieldPropertyManager>
                  <properties>
                    <org.mule.common.metadata.property.QNameMetaDataProperty>
                      <name>
                        <namespaceURI></namespaceURI>
                        <localPart>count</localPart>
                        <prefix></prefix>
                      </name>
                    </org.mule.common.metadata.property.QNameMetaDataProperty>
                  </properties>
                </metaDataFieldPropertyManager>
              </org.mule.common.metadata.DefaultMetaDataField>
            </fields>
            <rootElement>
              <namespaceURI>http://mulesoft.org/tshirt-service</namespaceURI>
              <localPart>ListInventoryResponse</localPart>
              <prefix>ns0</prefix>
            </rootElement>
            <schemas class="org.mule.common.metadata.StringBasedSchemaProvider">
              <schemas>
                <string>&lt;xs:schema attributeFormDefault=&quot;unqualified&quot; elementFormDefault=&quot;qualified&quot; xmlns:xs=&quot;http://www.w3.org/2001/XMLSchema&quot;&gt;&#xd;
  &lt;xs:element name=&quot;inventory&quot; type=&quot;inventoryType&quot;/&gt;&#xd;
  &lt;xs:complexType name=&quot;inventoryType&quot;&gt;&#xd;
    &lt;xs:sequence&gt;&#xd;
      &lt;xs:element name=&quot;productCode&quot;&gt;&#xd;
        &lt;xs:simpleType&gt;&#xd;
          &lt;xs:restriction base=&quot;xs:short&quot;&gt;&#xd;
            &lt;xs:enumeration value=&quot;4102&quot;/&gt;&#xd;
            &lt;xs:enumeration value=&quot;1412&quot;/&gt;&#xd;
            &lt;xs:enumeration value=&quot;5656&quot;/&gt;&#xd;
            &lt;xs:enumeration value=&quot;5657&quot;/&gt;&#xd;
            &lt;xs:enumeration value=&quot;1411&quot;/&gt;&#xd;
          &lt;/xs:restriction&gt;&#xd;
        &lt;/xs:simpleType&gt;&#xd;
      &lt;/xs:element&gt;&#xd;
      &lt;xs:element name=&quot;size&quot;&gt;&#xd;
        &lt;xs:simpleType&gt;&#xd;
          &lt;xs:restriction base=&quot;xs:string&quot;&gt;&#xd;
            &lt;xs:enumeration value=&quot;L&quot;/&gt;&#xd;
            &lt;xs:enumeration value=&quot;S&quot;/&gt;&#xd;
            &lt;xs:enumeration value=&quot;M&quot;/&gt;&#xd;
          &lt;/xs:restriction&gt;&#xd;
        &lt;/xs:simpleType&gt;&#xd;
      &lt;/xs:element&gt;&#xd;
      &lt;xs:element name=&quot;description&quot;&gt;&#xd;
        &lt;xs:simpleType&gt;&#xd;
          &lt;xs:restriction base=&quot;xs:string&quot;&gt;&#xd;
            &lt;xs:enumeration value=&quot;Prueba&quot;/&gt;&#xd;
            &lt;xs:enumeration value=&quot;Foo&quot;/&gt;&#xd;
            &lt;xs:enumeration value=&quot;Bar&quot;/&gt;&#xd;
            &lt;xs:enumeration value=&quot;Prueba2&quot;/&gt;&#xd;
            &lt;xs:enumeration value=&quot;Awesome Tshirt&quot;/&gt;&#xd;
          &lt;/xs:restriction&gt;&#xd;
        &lt;/xs:simpleType&gt;&#xd;
      &lt;/xs:element&gt;&#xd;
      &lt;xs:element name=&quot;count&quot;&gt;&#xd;
        &lt;xs:simpleType&gt;&#xd;
          &lt;xs:restriction base=&quot;xs:byte&quot;&gt;&#xd;
            &lt;xs:enumeration value=&quot;2&quot;/&gt;&#xd;
            &lt;xs:enumeration value=&quot;9&quot;/&gt;&#xd;
            &lt;xs:enumeration value=&quot;3&quot;/&gt;&#xd;
            &lt;xs:enumeration value=&quot;5&quot;/&gt;&#xd;
          &lt;/xs:restriction&gt;&#xd;
        &lt;/xs:simpleType&gt;&#xd;
      &lt;/xs:element&gt;&#xd;
    &lt;/xs:sequence&gt;&#xd;
  &lt;/xs:complexType&gt;&#xd;
&lt;/xs:schema&gt;</string>
                <string>&lt;xs:schema attributeFormDefault=&quot;unqualified&quot; elementFormDefault=&quot;qualified&quot; targetNamespace=&quot;http://mulesoft.org/tshirt-service&quot; xmlns:xs=&quot;http://www.w3.org/2001/XMLSchema&quot;&gt;&#xd;
  &lt;xs:element name=&quot;ListInventoryResponse&quot; type=&quot;tsh:ListInventoryResponseType&quot; xmlns:tsh=&quot;http://mulesoft.org/tshirt-service&quot;/&gt;&#xd;
  &lt;xs:complexType name=&quot;ListInventoryResponseType&quot;&gt;&#xd;
    &lt;xs:sequence&gt;&#xd;
      &lt;xs:element ref=&quot;inventory&quot; maxOccurs=&quot;unbounded&quot; minOccurs=&quot;0&quot;/&gt;&#xd;
    &lt;/xs:sequence&gt;&#xd;
  &lt;/xs:complexType&gt;&#xd;
&lt;/xs:schema&gt;</string>
              </schemas>
              <encoding>UTF-8</encoding>
            </schemas>
            <namespaceManager>
              <namespacePrefix>
                <entry>
                  <string>http://mulesoft.org/tshirt-service</string>
                  <string>ns0</string>
                </entry>
              </namespacePrefix>
            </namespaceManager>
          </model>
          <isArray>false</isArray>
        </model>
        <accessType>READ_WRITE</accessType>
        <metaDataFieldPropertyManager>
          <properties>
            <org.mule.common.metadata.property.QNameMetaDataProperty>
              <name>
                <namespaceURI></namespaceURI>
                <localPart>inventory</localPart>
                <prefix></prefix>
              </name>
            </org.mule.common.metadata.property.QNameMetaDataProperty>
          </properties>
        </metaDataFieldPropertyManager>
      </org.mule.common.metadata.DefaultMetaDataField>
    </fields>
    <rootElement>
      <namespaceURI>http://mulesoft.org/tshirt-service</namespaceURI>
      <localPart>ListInventoryResponse</localPart>
      <prefix>ns0</prefix>
    </rootElement>
    <schemas class="org.mule.common.metadata.StringBasedSchemaProvider">
      <schemas reference="../../fields/org.mule.common.metadata.DefaultMetaDataField/model/model/schemas/schemas"/>
      <encoding reference="../../fields/org.mule.common.metadata.DefaultMetaDataField/model/model/schemas/encoding"/>
    </schemas>
    <namespaceManager reference="../fields/org.mule.common.metadata.DefaultMetaDataField/model/model/namespaceManager"/>
  </metadataModel>
</custom__type__definition>