<custom__type__definition>
  <version>5.2.0.0</version>
  <typeName class="org.mule.common.metadata.DefaultMetaDataKey">
    <id>orderTshitResponseXML</id>
    <displayName>orderTshitResponseXML</displayName>
    <category>DEFAULT</category>
    <metaDataKeyPropertiesManager>
      <properties>
        <org.mule.common.metadata.key.property.dsql.DsqlFromMetaDataKeyProperty/>
      </properties>
    </metaDataKeyPropertiesManager>
  </typeName>
  <metadataModel class="org.mule.common.metadata.DefaultXmlMetaDataModel">
    <dataType>XML</dataType>
    <metaDataModelPropertiesManager>
      <properties>
        <org.mule.common.metadata.property.TextBasedExampleMetaDataModelProperty/>
        <org.mule.common.metadata.property.xml.SchemaTypeMetaDataProperty>
          <typeQName>
            <namespaceURI></namespaceURI>
            <localPart>OrderTshirtResponseType</localPart>
            <prefix></prefix>
          </typeQName>
        </org.mule.common.metadata.property.xml.SchemaTypeMetaDataProperty>
      </properties>
    </metaDataModelPropertiesManager>
    <fields>
      <org.mule.common.metadata.DefaultMetaDataField>
        <name>orderId</name>
        <model class="org.mule.common.metadata.DefaultSimpleMetaDataModel">
          <dataType>INTEGER</dataType>
          <metaDataModelPropertiesManager>
            <properties>
              <org.mule.common.metadata.property.xml.SchemaTypeMetaDataProperty>
                <typeQName>
                  <namespaceURI>http://www.w3.org/2001/XMLSchema</namespaceURI>
                  <localPart>short</localPart>
                  <prefix></prefix>
                </typeQName>
              </org.mule.common.metadata.property.xml.SchemaTypeMetaDataProperty>
            </properties>
          </metaDataModelPropertiesManager>
        </model>
        <accessType>READ_WRITE</accessType>
        <metaDataFieldPropertyManager>
          <properties>
            <org.mule.common.metadata.property.QNameMetaDataProperty>
              <name>
                <namespaceURI></namespaceURI>
                <localPart>orderId</localPart>
                <prefix></prefix>
              </name>
            </org.mule.common.metadata.property.QNameMetaDataProperty>
          </properties>
        </metaDataFieldPropertyManager>
      </org.mule.common.metadata.DefaultMetaDataField>
    </fields>
    <rootElement>
      <namespaceURI></namespaceURI>
      <localPart>OrderTshirtResponse</localPart>
      <prefix></prefix>
    </rootElement>
    <schemas class="org.mule.common.metadata.StringBasedSchemaProvider">
      <schemas>
        <string>&lt;xs:schema attributeFormDefault=&quot;unqualified&quot; elementFormDefault=&quot;qualified&quot; xmlns:xs=&quot;http://www.w3.org/2001/XMLSchema&quot;&gt;&#xd;
  &lt;xs:element name=&quot;OrderTshirtResponse&quot; type=&quot;OrderTshirtResponseType&quot;/&gt;&#xd;
  &lt;xs:complexType name=&quot;OrderTshirtResponseType&quot;&gt;&#xd;
    &lt;xs:sequence&gt;&#xd;
      &lt;xs:element type=&quot;xs:short&quot; name=&quot;orderId&quot;/&gt;&#xd;
    &lt;/xs:sequence&gt;&#xd;
  &lt;/xs:complexType&gt;&#xd;
&lt;/xs:schema&gt;</string>
      </schemas>
      <encoding>UTF-8</encoding>
    </schemas>
    <namespaceManager>
      <namespacePrefix/>
    </namespaceManager>
  </metadataModel>
</custom__type__definition>