<metadata__cache__entry>
  <version>5.2.0.0</version>
  <connectorName>Web_Service_Consumer</connectorName>
  <metadataIo class="tree-map">
    <entry>
      <string>ListInventory</string>
      <map>
        <entry>
          <string>__default__</string>
          <org.mule.tooling.metadata.cache.DefaultMetadataCacheEntry>
            <input class="org.mule.common.metadata.DefaultMetaData">
              <payload class="org.mule.tooling.metadata.api.TypeRefMetaDataModel">
                <connectorName>Web_Service_Consumer</connectorName>
                <typeId>ListInventory</typeId>
              </payload>
              <properties>
                <entry>
                  <org.mule.common.metadata.MetaDataPropertyScope>RECORD</org.mule.common.metadata.MetaDataPropertyScope>
                  <org.mule.common.metadata.MetaDataProperties>
                    <fields/>
                  </org.mule.common.metadata.MetaDataProperties>
                </entry>
                <entry>
                  <org.mule.common.metadata.MetaDataPropertyScope>INBOUND</org.mule.common.metadata.MetaDataPropertyScope>
                  <org.mule.common.metadata.MetaDataProperties>
                    <fields/>
                  </org.mule.common.metadata.MetaDataProperties>
                </entry>
                <entry>
                  <org.mule.common.metadata.MetaDataPropertyScope>OUTBOUND</org.mule.common.metadata.MetaDataPropertyScope>
                  <org.mule.common.metadata.MetaDataProperties>
                    <fields/>
                  </org.mule.common.metadata.MetaDataProperties>
                </entry>
                <entry>
                  <org.mule.common.metadata.MetaDataPropertyScope>SESSION</org.mule.common.metadata.MetaDataPropertyScope>
                  <org.mule.common.metadata.MetaDataProperties>
                    <fields/>
                  </org.mule.common.metadata.MetaDataProperties>
                </entry>
                <entry>
                  <org.mule.common.metadata.MetaDataPropertyScope>FLOW</org.mule.common.metadata.MetaDataPropertyScope>
                  <org.mule.common.metadata.MetaDataProperties>
                    <fields/>
                  </org.mule.common.metadata.MetaDataProperties>
                </entry>
              </properties>
            </input>
            <output class="org.mule.common.metadata.DefaultMetaData">
              <payload class="org.mule.tooling.metadata.api.TypeRefMetaDataModel">
                <connectorName>Web_Service_Consumer</connectorName>
                <typeId>ListInventoryResponse</typeId>
              </payload>
              <properties>
                <entry>
                  <org.mule.common.metadata.MetaDataPropertyScope>RECORD</org.mule.common.metadata.MetaDataPropertyScope>
                  <org.mule.common.metadata.MetaDataProperties>
                    <fields/>
                  </org.mule.common.metadata.MetaDataProperties>
                </entry>
                <entry>
                  <org.mule.common.metadata.MetaDataPropertyScope>INBOUND</org.mule.common.metadata.MetaDataPropertyScope>
                  <org.mule.common.metadata.MetaDataProperties>
                    <fields/>
                  </org.mule.common.metadata.MetaDataProperties>
                </entry>
                <entry>
                  <org.mule.common.metadata.MetaDataPropertyScope>OUTBOUND</org.mule.common.metadata.MetaDataPropertyScope>
                  <org.mule.common.metadata.MetaDataProperties>
                    <fields/>
                  </org.mule.common.metadata.MetaDataProperties>
                </entry>
                <entry>
                  <org.mule.common.metadata.MetaDataPropertyScope>SESSION</org.mule.common.metadata.MetaDataPropertyScope>
                  <org.mule.common.metadata.MetaDataProperties>
                    <fields/>
                  </org.mule.common.metadata.MetaDataProperties>
                </entry>
                <entry>
                  <org.mule.common.metadata.MetaDataPropertyScope>FLOW</org.mule.common.metadata.MetaDataPropertyScope>
                  <org.mule.common.metadata.MetaDataProperties>
                    <fields/>
                  </org.mule.common.metadata.MetaDataProperties>
                </entry>
              </properties>
            </output>
          </org.mule.tooling.metadata.cache.DefaultMetadataCacheEntry>
        </entry>
      </map>
    </entry>
    <entry>
      <string>OrderTshirt</string>
      <map>
        <entry>
          <string>__default__</string>
          <org.mule.tooling.metadata.cache.DefaultMetadataCacheEntry>
            <input class="org.mule.common.metadata.DefaultMetaData">
              <payload class="org.mule.tooling.metadata.api.TypeRefMetaDataModel">
                <connectorName>Web_Service_Consumer</connectorName>
                <typeId>OrderTshirt</typeId>
              </payload>
              <properties>
                <entry>
                  <org.mule.common.metadata.MetaDataPropertyScope>RECORD</org.mule.common.metadata.MetaDataPropertyScope>
                  <org.mule.common.metadata.MetaDataProperties>
                    <fields/>
                  </org.mule.common.metadata.MetaDataProperties>
                </entry>
                <entry>
                  <org.mule.common.metadata.MetaDataPropertyScope>INBOUND</org.mule.common.metadata.MetaDataPropertyScope>
                  <org.mule.common.metadata.MetaDataProperties>
                    <fields/>
                  </org.mule.common.metadata.MetaDataProperties>
                </entry>
                <entry>
                  <org.mule.common.metadata.MetaDataPropertyScope>OUTBOUND</org.mule.common.metadata.MetaDataPropertyScope>
                  <org.mule.common.metadata.MetaDataProperties>
                    <fields>
                      <org.mule.common.metadata.DefaultMetaDataField>
                        <name>soap.header</name>
                        <model class="org.mule.common.metadata.DefaultXmlMetaDataModel">
                          <dataType>XML</dataType>
                          <metaDataModelPropertiesManager>
                            <properties>
                              <org.mule.common.metadata.property.xml.SchemaTypeMetaDataProperty/>
                            </properties>
                          </metaDataModelPropertiesManager>
                          <fields>
                            <org.mule.common.metadata.DefaultMetaDataField>
                              <name>apiKey</name>
                              <model class="org.mule.common.metadata.DefaultSimpleMetaDataModel">
                                <dataType>STRING</dataType>
                                <metaDataModelPropertiesManager>
                                  <properties>
                                    <org.mule.common.metadata.property.xml.SchemaTypeMetaDataProperty>
                                      <typeQName>
                                        <namespaceURI>http://www.w3.org/2001/XMLSchema</namespaceURI>
                                        <localPart>string</localPart>
                                        <prefix></prefix>
                                      </typeQName>
                                    </org.mule.common.metadata.property.xml.SchemaTypeMetaDataProperty>
                                  </properties>
                                </metaDataModelPropertiesManager>
                              </model>
                              <accessType>READ_WRITE</accessType>
                              <metaDataFieldPropertyManager>
                                <properties>
                                  <org.mule.common.metadata.property.QNameMetaDataProperty>
                                    <name>
                                      <namespaceURI></namespaceURI>
                                      <localPart>apiKey</localPart>
                                      <prefix></prefix>
                                    </name>
                                  </org.mule.common.metadata.property.QNameMetaDataProperty>
                                </properties>
                              </metaDataFieldPropertyManager>
                            </org.mule.common.metadata.DefaultMetaDataField>
                          </fields>
                          <rootElement>
                            <namespaceURI>http://mulesoft.org/tshirt-service</namespaceURI>
                            <localPart>AuthenticationHeader</localPart>
                            <prefix>ns0</prefix>
                          </rootElement>
                          <schemas class="org.mule.common.metadata.StringBasedSchemaProvider">
                            <schemas>
                              <string>&lt;?xml version=&quot;1.0&quot; encoding=&quot;UTF-8&quot;?&gt;&lt;xsd:schema xmlns:xsd=&quot;http://www.w3.org/2001/XMLSchema&quot; xmlns:ms=&quot;http://mulesoft.org/tshirt-service&quot; xmlns:soap=&quot;http://schemas.xmlsoap.org/wsdl/soap/&quot; xmlns:wsdl=&quot;http://schemas.xmlsoap.org/wsdl/&quot; targetNamespace=&quot;http://mulesoft.org/tshirt-service&quot;&gt;
            &lt;xsd:element name=&quot;ListInventory&quot;&gt;
                &lt;xsd:complexType&gt;
                    &lt;xsd:sequence/&gt;
                &lt;/xsd:complexType&gt;
            &lt;/xsd:element&gt;
            
            &lt;xsd:element name=&quot;ListInventoryResponse&quot;&gt;
                &lt;xsd:complexType&gt;
                    &lt;xsd:sequence&gt;
                        &lt;xsd:element maxOccurs=&quot;unbounded&quot; minOccurs=&quot;1&quot; name=&quot;inventory&quot; type=&quot;ms:InventoryItem&quot;/&gt;
                    &lt;/xsd:sequence&gt;
                &lt;/xsd:complexType&gt;
            &lt;/xsd:element&gt;
        
                &lt;xsd:complexType name=&quot;InventoryItem&quot;&gt;
                    &lt;xsd:sequence&gt;
                        &lt;xsd:element name=&quot;productCode&quot; type=&quot;xsd:string&quot;/&gt;
                        &lt;xsd:element name=&quot;size&quot; type=&quot;ms:Size&quot;/&gt;
                        &lt;xsd:element name=&quot;description&quot; type=&quot;xsd:string&quot;/&gt;
                        &lt;xsd:element name=&quot;count&quot; type=&quot;xsd:integer&quot;/&gt;
                    &lt;/xsd:sequence&gt;
                &lt;/xsd:complexType&gt;
            
            &lt;xsd:simpleType name=&quot;Size&quot;&gt;
                &lt;xsd:restriction base=&quot;xsd:string&quot;&gt;
                    &lt;xsd:enumeration value=&quot;S&quot;/&gt;
                    &lt;xsd:enumeration value=&quot;M&quot;/&gt;
                    &lt;xsd:enumeration value=&quot;L&quot;/&gt;
                    &lt;xsd:enumeration value=&quot;XL&quot;/&gt;
                    &lt;xsd:enumeration value=&quot;XXL&quot;/&gt;
                &lt;/xsd:restriction&gt;
            &lt;/xsd:simpleType&gt;
            
            &lt;xsd:element name=&quot;OrderTshirt&quot;&gt;
                &lt;xsd:complexType&gt;
                    &lt;xsd:sequence&gt;
                        &lt;xsd:element name=&quot;size&quot; type=&quot;ms:Size&quot;/&gt;
                        &lt;xsd:element name=&quot;email&quot; type=&quot;xsd:string&quot;/&gt;
                        &lt;xsd:element name=&quot;name&quot; type=&quot;xsd:string&quot;/&gt;
                        &lt;xsd:element name=&quot;address1&quot; type=&quot;xsd:string&quot;/&gt;
                        &lt;xsd:element name=&quot;address2&quot; type=&quot;xsd:string&quot;/&gt;
                        &lt;xsd:element name=&quot;city&quot; type=&quot;xsd:string&quot;/&gt;
                        &lt;xsd:element name=&quot;stateOrProvince&quot; type=&quot;xsd:string&quot;/&gt;
                        &lt;xsd:element name=&quot;postalCode&quot; type=&quot;xsd:string&quot;/&gt;
                        &lt;xsd:element name=&quot;country&quot; type=&quot;xsd:string&quot;/&gt;
                    &lt;/xsd:sequence&gt;
                &lt;/xsd:complexType&gt;
            &lt;/xsd:element&gt;

            &lt;xsd:element name=&quot;OrderTshirtResponse&quot;&gt;
                &lt;xsd:complexType&gt;
                    &lt;xsd:all&gt;
                        &lt;xsd:element name=&quot;orderId&quot; type=&quot;xsd:string&quot;/&gt;
                    &lt;/xsd:all&gt;
                &lt;/xsd:complexType&gt;
            &lt;/xsd:element&gt;

            &lt;xsd:element name=&quot;TrackOrder&quot;&gt;
                &lt;xsd:complexType&gt;
                    &lt;xsd:sequence&gt;
                        &lt;xsd:element name=&quot;email&quot; type=&quot;xsd:string&quot;/&gt;
                        &lt;xsd:element name=&quot;orderId&quot; type=&quot;xsd:string&quot;/&gt;
                    &lt;/xsd:sequence&gt;
                &lt;/xsd:complexType&gt;
            &lt;/xsd:element&gt;
            
            &lt;xsd:element name=&quot;TrackOrderResponse&quot;&gt;
                &lt;xsd:complexType&gt;
                    &lt;xsd:all&gt;
                        &lt;xsd:element name=&quot;orderId&quot; type=&quot;xsd:string&quot;/&gt;
                        &lt;xsd:element name=&quot;status&quot; type=&quot;xsd:string&quot;/&gt;
                        &lt;xsd:element name=&quot;size&quot; type=&quot;ms:Size&quot;/&gt;
                    &lt;/xsd:all&gt;
                &lt;/xsd:complexType&gt;
            &lt;/xsd:element&gt;
            
            &lt;xsd:element name=&quot;AuthenticationHeader&quot;&gt;
                &lt;xsd:complexType&gt;
                    &lt;xsd:sequence&gt;
                        &lt;xsd:element name=&quot;apiKey&quot; type=&quot;xsd:string&quot;/&gt;
                    &lt;/xsd:sequence&gt;
                &lt;/xsd:complexType&gt;
            &lt;/xsd:element&gt;
            
            &lt;xsd:element name=&quot;APIUsageInformation&quot;&gt;
                &lt;xsd:complexType&gt;
                    &lt;xsd:sequence&gt;
                        &lt;xsd:element name=&quot;apiCallsRemaining&quot; type=&quot;xsd:integer&quot;/&gt;
                    &lt;/xsd:sequence&gt;
                &lt;/xsd:complexType&gt;
            &lt;/xsd:element&gt;
            
            &lt;xsd:element name=&quot;TshirtFault&quot;&gt;
                &lt;xsd:complexType&gt;
                    &lt;xsd:all&gt;
                        &lt;xsd:element name=&quot;errorMessage&quot; type=&quot;xsd:string&quot;/&gt;
                    &lt;/xsd:all&gt;
                &lt;/xsd:complexType&gt;
            &lt;/xsd:element&gt;

        &lt;/xsd:schema&gt;</string>
                            </schemas>
                            <encoding>UTF-8</encoding>
                          </schemas>
                          <namespaceManager>
                            <namespacePrefix>
                              <entry>
                                <string>http://mulesoft.org/tshirt-service</string>
                                <string>ns0</string>
                              </entry>
                            </namespacePrefix>
                          </namespaceManager>
                        </model>
                        <accessType>READ_WRITE</accessType>
                        <metaDataFieldPropertyManager>
                          <properties/>
                        </metaDataFieldPropertyManager>
                      </org.mule.common.metadata.DefaultMetaDataField>
                    </fields>
                  </org.mule.common.metadata.MetaDataProperties>
                </entry>
                <entry>
                  <org.mule.common.metadata.MetaDataPropertyScope>SESSION</org.mule.common.metadata.MetaDataPropertyScope>
                  <org.mule.common.metadata.MetaDataProperties>
                    <fields/>
                  </org.mule.common.metadata.MetaDataProperties>
                </entry>
                <entry>
                  <org.mule.common.metadata.MetaDataPropertyScope>FLOW</org.mule.common.metadata.MetaDataPropertyScope>
                  <org.mule.common.metadata.MetaDataProperties>
                    <fields/>
                  </org.mule.common.metadata.MetaDataProperties>
                </entry>
              </properties>
            </input>
            <output class="org.mule.common.metadata.DefaultMetaData">
              <payload class="org.mule.tooling.metadata.api.TypeRefMetaDataModel">
                <connectorName>Web_Service_Consumer</connectorName>
                <typeId>OrderTshirtResponse</typeId>
              </payload>
              <properties>
                <entry>
                  <org.mule.common.metadata.MetaDataPropertyScope>RECORD</org.mule.common.metadata.MetaDataPropertyScope>
                  <org.mule.common.metadata.MetaDataProperties>
                    <fields/>
                  </org.mule.common.metadata.MetaDataProperties>
                </entry>
                <entry>
                  <org.mule.common.metadata.MetaDataPropertyScope>INBOUND</org.mule.common.metadata.MetaDataPropertyScope>
                  <org.mule.common.metadata.MetaDataProperties>
                    <fields>
                      <org.mule.common.metadata.DefaultMetaDataField>
                        <name>soap.header</name>
                        <model class="org.mule.common.metadata.DefaultXmlMetaDataModel">
                          <dataType>XML</dataType>
                          <metaDataModelPropertiesManager>
                            <properties>
                              <org.mule.common.metadata.property.xml.SchemaTypeMetaDataProperty/>
                            </properties>
                          </metaDataModelPropertiesManager>
                          <fields>
                            <org.mule.common.metadata.DefaultMetaDataField>
                              <name>apiCallsRemaining</name>
                              <model class="org.mule.common.metadata.DefaultSimpleMetaDataModel">
                                <dataType>INTEGER</dataType>
                                <metaDataModelPropertiesManager>
                                  <properties>
                                    <org.mule.common.metadata.property.xml.SchemaTypeMetaDataProperty>
                                      <typeQName>
                                        <namespaceURI>http://www.w3.org/2001/XMLSchema</namespaceURI>
                                        <localPart>integer</localPart>
                                        <prefix></prefix>
                                      </typeQName>
                                    </org.mule.common.metadata.property.xml.SchemaTypeMetaDataProperty>
                                  </properties>
                                </metaDataModelPropertiesManager>
                              </model>
                              <accessType>READ_WRITE</accessType>
                              <metaDataFieldPropertyManager>
                                <properties>
                                  <org.mule.common.metadata.property.QNameMetaDataProperty>
                                    <name>
                                      <namespaceURI></namespaceURI>
                                      <localPart>apiCallsRemaining</localPart>
                                      <prefix></prefix>
                                    </name>
                                  </org.mule.common.metadata.property.QNameMetaDataProperty>
                                </properties>
                              </metaDataFieldPropertyManager>
                            </org.mule.common.metadata.DefaultMetaDataField>
                          </fields>
                          <rootElement>
                            <namespaceURI>http://mulesoft.org/tshirt-service</namespaceURI>
                            <localPart>APIUsageInformation</localPart>
                            <prefix>ns0</prefix>
                          </rootElement>
                          <schemas class="org.mule.common.metadata.StringBasedSchemaProvider">
                            <schemas reference="../../../../../../../../../input/properties/entry[3]/org.mule.common.metadata.MetaDataProperties/fields/org.mule.common.metadata.DefaultMetaDataField/model/schemas/schemas"/>
                            <encoding reference="../../../../../../../../../input/properties/entry[3]/org.mule.common.metadata.MetaDataProperties/fields/org.mule.common.metadata.DefaultMetaDataField/model/schemas/encoding"/>
                          </schemas>
                          <namespaceManager>
                            <namespacePrefix>
                              <entry>
                                <string>http://mulesoft.org/tshirt-service</string>
                                <string>ns0</string>
                              </entry>
                            </namespacePrefix>
                          </namespaceManager>
                        </model>
                        <accessType>READ_WRITE</accessType>
                        <metaDataFieldPropertyManager>
                          <properties/>
                        </metaDataFieldPropertyManager>
                      </org.mule.common.metadata.DefaultMetaDataField>
                    </fields>
                  </org.mule.common.metadata.MetaDataProperties>
                </entry>
                <entry>
                  <org.mule.common.metadata.MetaDataPropertyScope>OUTBOUND</org.mule.common.metadata.MetaDataPropertyScope>
                  <org.mule.common.metadata.MetaDataProperties>
                    <fields/>
                  </org.mule.common.metadata.MetaDataProperties>
                </entry>
                <entry>
                  <org.mule.common.metadata.MetaDataPropertyScope>SESSION</org.mule.common.metadata.MetaDataPropertyScope>
                  <org.mule.common.metadata.MetaDataProperties>
                    <fields/>
                  </org.mule.common.metadata.MetaDataProperties>
                </entry>
                <entry>
                  <org.mule.common.metadata.MetaDataPropertyScope>FLOW</org.mule.common.metadata.MetaDataPropertyScope>
                  <org.mule.common.metadata.MetaDataProperties>
                    <fields/>
                  </org.mule.common.metadata.MetaDataProperties>
                </entry>
              </properties>
            </output>
          </org.mule.tooling.metadata.cache.DefaultMetadataCacheEntry>
        </entry>
      </map>
    </entry>
  </metadataIo>
</metadata__cache__entry>