<custom__type__definition>
  <version>5.2.0.0</version>
  <typeName class="org.mule.common.metadata.DefaultMetaDataKey">
    <id>EmployeesXML</id>
    <displayName>EmployeesXML</displayName>
    <category>DEFAULT</category>
    <metaDataKeyPropertiesManager>
      <properties>
        <org.mule.common.metadata.key.property.dsql.DsqlFromMetaDataKeyProperty/>
      </properties>
    </metaDataKeyPropertiesManager>
  </typeName>
  <metadataModel class="org.mule.common.metadata.DefaultXmlMetaDataModel">
    <dataType>XML</dataType>
    <metaDataModelPropertiesManager>
      <properties>
        <org.mule.common.metadata.property.TextBasedExampleMetaDataModelProperty/>
        <org.mule.common.metadata.property.xml.SchemaTypeMetaDataProperty>
          <typeQName>
            <namespaceURI></namespaceURI>
            <localPart>employeesType</localPart>
            <prefix></prefix>
          </typeQName>
        </org.mule.common.metadata.property.xml.SchemaTypeMetaDataProperty>
      </properties>
    </metaDataModelPropertiesManager>
    <fields>
      <org.mule.common.metadata.DefaultMetaDataField>
        <name>employee</name>
        <model class="org.mule.common.metadata.DefaultListMetaDataModel">
          <dataType>LIST</dataType>
          <metaDataModelPropertiesManager>
            <properties>
              <org.mule.common.metadata.property.xml.SchemaTypeMetaDataProperty>
                <typeQName>
                  <namespaceURI></namespaceURI>
                  <localPart>employeeType</localPart>
                  <prefix></prefix>
                </typeQName>
              </org.mule.common.metadata.property.xml.SchemaTypeMetaDataProperty>
              <org.mule.common.metadata.property.xml.UnboundMetaDataProperty>
                <maxOccurs>2147483647</maxOccurs>
                <minOccurs>0</minOccurs>
              </org.mule.common.metadata.property.xml.UnboundMetaDataProperty>
            </properties>
          </metaDataModelPropertiesManager>
          <model class="org.mule.common.metadata.DefaultXmlMetaDataModel">
            <dataType>XML</dataType>
            <metaDataModelPropertiesManager>
              <properties/>
            </metaDataModelPropertiesManager>
            <fields>
              <org.mule.common.metadata.DefaultMetaDataField>
                <name>name</name>
                <model class="org.mule.common.metadata.DefaultSimpleMetaDataModel">
                  <dataType>STRING</dataType>
                  <metaDataModelPropertiesManager>
                    <properties/>
                  </metaDataModelPropertiesManager>
                </model>
                <accessType>READ_WRITE</accessType>
                <metaDataFieldPropertyManager>
                  <properties>
                    <org.mule.common.metadata.property.QNameMetaDataProperty>
                      <name>
                        <namespaceURI></namespaceURI>
                        <localPart>name</localPart>
                        <prefix></prefix>
                      </name>
                    </org.mule.common.metadata.property.QNameMetaDataProperty>
                  </properties>
                </metaDataFieldPropertyManager>
              </org.mule.common.metadata.DefaultMetaDataField>
              <org.mule.common.metadata.DefaultMetaDataField>
                <name>lastName</name>
                <model class="org.mule.common.metadata.DefaultSimpleMetaDataModel">
                  <dataType>STRING</dataType>
                  <metaDataModelPropertiesManager>
                    <properties>
                      <org.mule.common.metadata.property.xml.SchemaTypeMetaDataProperty>
                        <typeQName>
                          <namespaceURI>http://www.w3.org/2001/XMLSchema</namespaceURI>
                          <localPart>string</localPart>
                          <prefix></prefix>
                        </typeQName>
                      </org.mule.common.metadata.property.xml.SchemaTypeMetaDataProperty>
                    </properties>
                  </metaDataModelPropertiesManager>
                </model>
                <accessType>READ_WRITE</accessType>
                <metaDataFieldPropertyManager>
                  <properties>
                    <org.mule.common.metadata.property.QNameMetaDataProperty>
                      <name>
                        <namespaceURI></namespaceURI>
                        <localPart>lastName</localPart>
                        <prefix></prefix>
                      </name>
                    </org.mule.common.metadata.property.QNameMetaDataProperty>
                  </properties>
                </metaDataFieldPropertyManager>
              </org.mule.common.metadata.DefaultMetaDataField>
              <org.mule.common.metadata.DefaultMetaDataField>
                <name>addresses</name>
                <model class="org.mule.common.metadata.DefaultXmlMetaDataModel">
                  <dataType>XML</dataType>
                  <metaDataModelPropertiesManager>
                    <properties>
                      <org.mule.common.metadata.property.xml.SchemaTypeMetaDataProperty>
                        <typeQName>
                          <namespaceURI></namespaceURI>
                          <localPart>addressesType</localPart>
                          <prefix></prefix>
                        </typeQName>
                      </org.mule.common.metadata.property.xml.SchemaTypeMetaDataProperty>
                    </properties>
                  </metaDataModelPropertiesManager>
                  <fields>
                    <org.mule.common.metadata.DefaultMetaDataField>
                      <name>address</name>
                      <model class="org.mule.common.metadata.DefaultListMetaDataModel">
                        <dataType>LIST</dataType>
                        <metaDataModelPropertiesManager>
                          <properties>
                            <org.mule.common.metadata.property.xml.SchemaTypeMetaDataProperty>
                              <typeQName>
                                <namespaceURI></namespaceURI>
                                <localPart>addressType</localPart>
                                <prefix></prefix>
                              </typeQName>
                            </org.mule.common.metadata.property.xml.SchemaTypeMetaDataProperty>
                            <org.mule.common.metadata.property.xml.UnboundMetaDataProperty>
                              <maxOccurs>2147483647</maxOccurs>
                              <minOccurs>0</minOccurs>
                            </org.mule.common.metadata.property.xml.UnboundMetaDataProperty>
                          </properties>
                        </metaDataModelPropertiesManager>
                        <model class="org.mule.common.metadata.DefaultXmlMetaDataModel">
                          <dataType>XML</dataType>
                          <metaDataModelPropertiesManager>
                            <properties/>
                          </metaDataModelPropertiesManager>
                          <fields>
                            <org.mule.common.metadata.DefaultMetaDataField>
                              <name>street</name>
                              <model class="org.mule.common.metadata.DefaultSimpleMetaDataModel">
                                <dataType>STRING</dataType>
                                <metaDataModelPropertiesManager>
                                  <properties/>
                                </metaDataModelPropertiesManager>
                              </model>
                              <accessType>READ_WRITE</accessType>
                              <metaDataFieldPropertyManager>
                                <properties>
                                  <org.mule.common.metadata.property.QNameMetaDataProperty>
                                    <name>
                                      <namespaceURI></namespaceURI>
                                      <localPart>street</localPart>
                                      <prefix></prefix>
                                    </name>
                                  </org.mule.common.metadata.property.QNameMetaDataProperty>
                                </properties>
                              </metaDataFieldPropertyManager>
                            </org.mule.common.metadata.DefaultMetaDataField>
                            <org.mule.common.metadata.DefaultMetaDataField>
                              <name>zipCode</name>
                              <model class="org.mule.common.metadata.DefaultSimpleMetaDataModel">
                                <dataType>INTEGER</dataType>
                                <metaDataModelPropertiesManager>
                                  <properties/>
                                </metaDataModelPropertiesManager>
                              </model>
                              <accessType>READ_WRITE</accessType>
                              <metaDataFieldPropertyManager>
                                <properties>
                                  <org.mule.common.metadata.property.QNameMetaDataProperty>
                                    <name>
                                      <namespaceURI></namespaceURI>
                                      <localPart>zipCode</localPart>
                                      <prefix></prefix>
                                    </name>
                                  </org.mule.common.metadata.property.QNameMetaDataProperty>
                                </properties>
                              </metaDataFieldPropertyManager>
                            </org.mule.common.metadata.DefaultMetaDataField>
                          </fields>
                          <rootElement>
                            <namespaceURI></namespaceURI>
                            <localPart>employees</localPart>
                            <prefix></prefix>
                          </rootElement>
                          <schemas class="org.mule.common.metadata.UrlBasedSchemaProvider">
                            <schemas>
                              <url>file:/C:/Users/lenka_000/AnypointStudio/workspace_nightly/anypoint-examples/upload-to-ftp-after-converting-json-to-xml/src/test/resources/employees.xsd</url>
                            </schemas>
                          </schemas>
                          <namespaceManager>
                            <namespacePrefix/>
                          </namespaceManager>
                        </model>
                        <isArray>false</isArray>
                      </model>
                      <accessType>READ_WRITE</accessType>
                      <metaDataFieldPropertyManager>
                        <properties>
                          <org.mule.common.metadata.property.QNameMetaDataProperty>
                            <name>
                              <namespaceURI></namespaceURI>
                              <localPart>address</localPart>
                              <prefix></prefix>
                            </name>
                          </org.mule.common.metadata.property.QNameMetaDataProperty>
                        </properties>
                      </metaDataFieldPropertyManager>
                    </org.mule.common.metadata.DefaultMetaDataField>
                  </fields>
                  <rootElement reference="../fields/org.mule.common.metadata.DefaultMetaDataField/model/model/rootElement"/>
                  <schemas class="org.mule.common.metadata.UrlBasedSchemaProvider" reference="../fields/org.mule.common.metadata.DefaultMetaDataField/model/model/schemas"/>
                  <namespaceManager reference="../fields/org.mule.common.metadata.DefaultMetaDataField/model/model/namespaceManager"/>
                </model>
                <accessType>READ_WRITE</accessType>
                <metaDataFieldPropertyManager>
                  <properties>
                    <org.mule.common.metadata.property.QNameMetaDataProperty>
                      <name>
                        <namespaceURI></namespaceURI>
                        <localPart>addresses</localPart>
                        <prefix></prefix>
                      </name>
                    </org.mule.common.metadata.property.QNameMetaDataProperty>
                  </properties>
                </metaDataFieldPropertyManager>
              </org.mule.common.metadata.DefaultMetaDataField>
            </fields>
            <rootElement reference="../fields/org.mule.common.metadata.DefaultMetaDataField[3]/model/fields/org.mule.common.metadata.DefaultMetaDataField/model/model/rootElement"/>
            <schemas class="org.mule.common.metadata.UrlBasedSchemaProvider" reference="../fields/org.mule.common.metadata.DefaultMetaDataField[3]/model/fields/org.mule.common.metadata.DefaultMetaDataField/model/model/schemas"/>
            <namespaceManager reference="../fields/org.mule.common.metadata.DefaultMetaDataField[3]/model/fields/org.mule.common.metadata.DefaultMetaDataField/model/model/namespaceManager"/>
          </model>
          <isArray>false</isArray>
        </model>
        <accessType>READ_WRITE</accessType>
        <metaDataFieldPropertyManager>
          <properties>
            <org.mule.common.metadata.property.QNameMetaDataProperty>
              <name>
                <namespaceURI></namespaceURI>
                <localPart>employee</localPart>
                <prefix></prefix>
              </name>
            </org.mule.common.metadata.property.QNameMetaDataProperty>
          </properties>
        </metaDataFieldPropertyManager>
      </org.mule.common.metadata.DefaultMetaDataField>
    </fields>
    <rootElement reference="../fields/org.mule.common.metadata.DefaultMetaDataField/model/model/fields/org.mule.common.metadata.DefaultMetaDataField[3]/model/fields/org.mule.common.metadata.DefaultMetaDataField/model/model/rootElement"/>
    <schemas class="org.mule.common.metadata.UrlBasedSchemaProvider">
      <schemas reference="../../fields/org.mule.common.metadata.DefaultMetaDataField/model/model/fields/org.mule.common.metadata.DefaultMetaDataField[3]/model/fields/org.mule.common.metadata.DefaultMetaDataField/model/model/schemas/schemas"/>
    </schemas>
    <namespaceManager reference="../fields/org.mule.common.metadata.DefaultMetaDataField/model/model/fields/org.mule.common.metadata.DefaultMetaDataField[3]/model/fields/org.mule.common.metadata.DefaultMetaDataField/model/model/namespaceManager"/>
  </metadataModel>
</custom__type__definition>